,MAE,RMSE,MAPE
Naive,76.12103112228858,482.15466081368237,66.48638047469333
MA7,75.92221673328241,481.2534094089878,77.15702566377007
MA30,76.61131719585038,482.57077581940763,62.85575717128857
ARIMA,76.86717136718889,480.44291788256214,90.41092150636574
